revenue,credit_need,payment_delay,digital,trust,interest,loan_size
4,4,5,0,2,1,609930
5,3,3,0,3,0,653285
3,4,1,0,1,0,535863
5,3,1,0,3,0,666704
5,2,1,1,2,0,618705
2,1,2,0,3,0,250555
3,2,2,1,1,0,421323
3,1,4,1,1,1,355432
3,1,4,1,3,1,351386
5,1,4,0,2,0,594007
4,2,2,0,3,0,510619
3,1,2,0,2,0,356854
5,2,4,1,4,1,642964
2,4,4,0,2,1,448801
4,3,5,0,4,1,557637
2,3,4,1,3,1,371225
4,1,5,1,2,1,495730
5,2,3,1,4,0,626739
1,3,2,1,4,1,297708
4,2,4,1,4,1,510618
2,2,2,1,1,0,336561
5,1,2,0,3,0,557373
4,3,2,1,4,1,585281
1,1,3,0,2,0,170187
1,1,1,0,4,0,152327
3,3,4,0,1,1,482391
3,3,1,1,3,1,491577
2,4,1,0,1,0,418549
4,4,1,1,1,1,639220
4,2,2,1,1,0,507642
3,3,5,0,2,1,464435
4,4,2,1,3,1,633760
4,2,2,0,3,0,538192
1,2,1,0,2,0,204381
3,2,2,1,3,0,431047
5,4,1,0,1,0,719558
3,3,5,0,3,1,480782
5,1,4,0,2,0,554782
1,2,1,1,1,0,225881
2,4,5,0,2,1,440228
4,4,4,1,4,1,629409
1,1,3,1,1,0,169462
4,1,1,0,1,0,452983
2,4,1,0,3,0,431933
2,3,3,1,1,1,396950
1,1,3,1,2,0,152523
2,4,1,0,3,0,409677
5,1,3,0,4,0,560292
2,3,2,1,2,1,365089
4,2,4,1,4,1,504581
4,1,4,1,4,1,461907
4,3,4,1,4,1,555609
4,4,2,1,1,1,644143
5,1,3,0,2,0,572936
3,1,5,1,2,1,392725
1,4,3,1,1,1,345723
4,2,1,0,3,0,533988
2,4,4,0,4,1,429506
4,1,3,1,2,0,463163
2,4,5,1,1,1,446057
2,3,1,0,4,0,362537
4,4,2,1,3,1,622419
5,1,2,1,3,0,592578
2,4,5,0,4,1,409455
2,2,1,1,3,0,309063
4,4,4,0,2,1,600834
2,2,3,0,2,0,332214
2,3,1,0,2,0,377398
4,2,2,0,3,0,534492
4,4,5,1,2,1,602413
1,1,5,0,1,0,159505
5,2,3,1,2,0,637266
5,3,5,1,2,1,652105
2,2,5,1,3,1,302568
5,2,1,1,2,0,642098
2,2,4,1,4,1,349361
1,3,3,0,1,0,287679
4,4,1,0,3,0,649385
4,2,4,0,1,0,533560
4,2,1,0,4,0,514195
5,1,1,1,3,0,596669
1,3,5,0,3,1,265762
5,2,4,1,2,1,641294
5,3,3,1,1,1,665898
1,2,3,0,4,0,221577
1,4,4,0,4,1,301214
1,4,5,0,3,1,320803
1,2,2,0,2,0,248114
4,4,1,1,3,1,623698
3,2,5,1,3,1,432980
3,4,4,0,3,1,501658
1,1,1,1,3,0,162270
3,1,3,1,4,0,396797
3,1,2,1,4,0,387792
1,3,3,0,3,0,295807
3,3,4,1,3,1,472301
5,1,1,0,2,0,555141
2,3,4,0,3,1,388756
2,4,1,1,4,1,413777
1,2,5,1,1,1,238346
4,2,2,0,4,0,529441
1,2,5,1,2,1,247819
4,1,5,1,4,1,478469
2,3,4,0,1,1,353845
1,4,2,0,3,0,344650
5,4,1,0,1,0,723290
3,1,1,0,3,0,397015
4,4,3,1,3,1,630699
3,4,1,1,4,1,544252
3,4,4,0,4,1,533146
1,4,5,0,4,1,303293
3,3,5,0,2,1,494398
5,4,5,1,4,1,746428
3,2,2,0,2,0,416608
1,1,1,1,4,0,150737
5,3,4,0,3,1,666619
2,4,2,0,2,0,412470
3,3,3,0,1,0,499863
1,4,4,1,2,1,322372
2,2,4,1,2,1,316117
2,1,4,1,1,1,264779
4,4,5,0,2,1,629294
5,4,4,1,3,1,721630
3,4,1,1,4,1,540039
1,4,4,0,1,1,349900
4,1,5,0,4,0,462178
5,1,4,1,3,1,569935
4,2,3,1,1,0,547258
5,1,3,1,4,0,572784
5,4,5,1,4,1,723027
3,2,1,0,3,0,431008
5,2,1,0,4,0,646631
4,2,2,0,3,0,501823
5,4,5,1,2,1,706852
3,3,4,1,3,1,463072
3,4,5,0,2,1,511133
4,1,2,0,1,0,465111
2,1,5,1,4,1,282312
2,4,5,1,3,1,424161
5,4,2,0,3,0,739287
1,2,1,0,4,0,201777
5,4,4,0,4,1,724014
4,2,2,1,1,0,514772
4,1,3,1,1,0,496389
4,2,1,1,3,0,544627
4,4,3,1,1,1,618161
4,1,1,1,2,0,492264
3,3,4,1,1,1,457490
2,2,4,0,1,0,341661
4,1,5,0,3,0,474502
1,2,3,1,2,0,235757
1,1,1,0,1,0,191111
1,1,4,1,2,1,182737
1,2,2,0,2,0,217709
3,3,4,1,2,1,494682
1,1,2,0,4,0,158998
4,1,1,0,4,0,478906
5,1,4,1,4,1,585490
1,3,4,1,4,1,254656
3,3,1,0,3,0,486901
3,4,4,0,1,1,525735
1,2,2,1,4,0,229092
5,3,4,0,3,1,651242
1,2,3,1,1,0,241307
3,4,5,1,4,1,501831
2,2,2,0,1,0,328511
4,3,3,1,4,1,557246
3,2,1,0,3,0,431467
1,3,2,0,2,0,268302
4,2,5,1,2,1,503232
1,3,5,0,1,1,286526
1,3,1,1,3,1,288765
2,2,1,1,2,0,310972
4,4,2,1,4,1,648136
4,1,4,0,2,0,484592
2,4,1,1,1,1,410683
3,2,4,0,1,0,423664
1,4,3,1,3,1,336828
5,3,5,1,1,1,683172
1,1,4,1,2,1,168105
1,2,5,0,2,0,221700
3,2,4,0,2,0,411017
1,2,3,1,2,0,236613
2,1,1,1,3,0,270594
2,3,3,0,4,0,361384
4,2,1,0,4,0,530348
5,4,1,0,3,0,716448
1,2,5,1,1,1,209491
1,2,3,0,4,0,213112
3,2,4,1,1,1,431021
2,2,3,0,4,0,344553
5,3,5,1,1,1,650968
4,4,1,1,3,1,600368
2,3,5,1,2,1,358424
4,4,2,0,1,0,635010
3,2,2,0,2,0,435851
3,1,4,0,1,0,375496
1,3,5,1,1,1,280936
5,1,4,1,1,1,563322
4,3,4,0,1,1,551469
2,2,2,1,1,0,337493
3,3,4,1,2,1,454259
1,2,2,1,1,0,236390
1,3,1,0,2,0,260292
4,2,5,1,3,1,526841
3,2,4,0,4,0,428365
5,4,2,0,1,0,717207
3,2,3,0,4,0,436199
4,4,4,0,2,1,622912
4,2,1,0,3,0,536919
3,1,1,1,3,0,386981
4,2,3,0,3,0,515235
3,1,2,0,4,0,391757
2,1,4,0,2,0,283547
3,2,2,1,1,0,448119
3,1,1,1,1,0,393810
4,4,2,1,2,1,619276
4,3,1,1,4,1,581923
1,2,2,0,1,0,205534
1,1,3,0,2,0,176469
2,2,5,1,1,1,336074
1,4,3,1,3,1,335670
3,2,3,1,1,0,432563
4,2,5,1,4,1,546159
1,1,5,0,2,0,186486
1,4,4,1,4,1,300021
2,3,4,1,2,1,384268
2,3,3,1,3,1,391802
3,1,3,1,2,0,365799
4,2,1,1,1,0,526336
2,1,1,1,1,0,253641
1,1,4,1,3,1,171596
4,1,4,0,2,0,482959
4,2,1,0,3,0,513306
1,4,1,0,1,0,346182
2,1,2,0,4,0,258587
1,2,2,0,3,0,231359
4,4,1,0,4,0,621498
5,1,2,1,4,0,554662
5,3,5,1,2,1,687094
3,4,4,0,3,1,541833
1,1,4,1,4,1,177197
1,4,1,0,4,0,320719
3,4,3,1,2,1,524665
3,4,1,1,2,1,543239
3,4,2,1,1,1,525032
4,4,3,1,4,1,612641
1,4,2,1,1,1,341964
4,1,5,1,4,1,480028
3,3,2,0,1,0,495494
1,2,5,0,2,0,215651
4,4,5,1,3,1,608536
4,2,2,0,2,0,545712
3,1,2,1,1,0,356273
1,4,5,0,1,1,306284
3,3,3,1,3,1,475692
1,2,5,0,4,0,208817
5,4,4,1,1,1,728955
2,1,5,0,1,0,276555
2,3,3,1,1,1,370378
2,2,4,0,3,0,341182
3,2,1,1,2,0,417127
5,4,1,1,1,1,749614
1,3,3,1,3,1,267952
4,3,5,0,1,1,561539
1,3,2,0,4,0,296761
4,3,3,0,3,0,596219
1,1,4,1,1,1,164692
5,3,4,0,3,1,668120
4,2,1,1,1,0,513334
3,2,4,0,2,0,428615
1,1,3,0,1,0,157903
1,2,4,0,3,0,228527
4,2,3,0,4,0,515629
3,3,2,1,4,1,467740
3,2,1,0,4,0,433782
5,1,4,0,1,0,576708
3,3,3,1,2,1,460860
3,4,5,1,1,1,517438
3,3,1,0,4,0,451764
2,1,2,0,3,0,256009
5,3,3,1,4,1,670842
1,3,2,1,3,1,292372
4,1,2,1,2,0,498780
1,3,4,0,3,1,283435
5,1,4,0,1,0,553370
4,1,3,0,1,0,488744
5,4,5,1,1,1,720454
3,2,3,1,3,0,441381
4,2,5,1,1,1,538367
3,3,2,0,1,0,453650
1,3,1,1,1,1,295117
1,4,3,0,2,0,325708
4,4,3,1,3,1,642662
4,4,5,0,3,1,603190
5,1,2,0,4,0,598113
5,4,2,1,3,1,708789
3,4,5,0,2,1,532125
4,3,2,1,3,1,583159
1,4,4,0,2,1,317459
5,1,1,1,2,0,585418
5,1,3,1,3,0,596368
1,3,1,0,4,0,297085
5,4,3,1,1,1,718768
3,4,4,0,1,1,549961
4,1,2,1,3,0,465563
1,4,5,1,3,1,327885
4,4,4,1,2,1,621885
5,4,1,1,3,1,706895
5,2,5,0,2,0,623958
1,3,2,1,4,1,251531
3,2,4,1,3,1,405481
2,3,5,0,1,1,373932
1,1,4,0,1,0,171360
2,4,4,0,3,1,443642
2,3,2,0,2,0,374829
3,2,3,0,1,0,419932
2,4,5,0,2,1,438931
2,1,2,1,3,0,288032
3,3,4,0,3,1,465890
2,3,2,1,1,1,368807
2,3,3,0,3,0,361767
2,4,5,1,4,1,408071
1,2,3,1,4,0,226149
1,2,1,1,1,0,215540
1,3,5,0,4,1,285676
3,1,3,0,2,0,354712
5,1,4,0,1,0,576201
2,2,5,0,1,0,344958
2,1,5,1,2,1,269899
3,2,2,0,4,0,419787
2,3,4,1,4,1,370982
1,2,1,1,4,0,222606
5,2,3,0,1,0,610150
4,3,2,0,1,0,570393
2,1,3,0,4,0,287259
1,2,1,1,3,0,246687
4,2,1,0,4,0,546936
5,3,5,1,2,1,677750
4,1,1,0,1,0,458593
1,2,3,1,2,0,217358
4,3,4,0,2,1,566607
3,2,4,0,1,0,437381
4,4,5,1,3,1,624811
2,3,3,0,4,0,378074
2,1,3,0,2,0,270595
3,1,1,0,1,0,394194
1,1,3,0,2,0,199377
2,1,2,0,4,0,276853
5,2,1,0,3,0,608183
2,2,2,0,3,0,320661
2,1,5,1,3,1,291169
1,1,4,1,1,1,186495
4,1,5,0,1,0,463703
2,2,4,0,3,0,330815
3,1,5,0,4,0,379565
4,1,3,1,4,0,472942
5,4,2,1,1,1,742986
1,4,4,0,3,1,333161
5,1,1,1,4,0,598760
4,3,2,0,4,0,591803
4,1,1,0,4,0,459716
4,4,2,0,1,0,641563
5,3,2,0,3,0,683349
4,3,5,1,2,1,597098
5,1,4,1,3,1,592899
4,4,4,0,3,1,600132
3,4,2,1,1,1,547752
4,3,3,1,4,1,553385
5,1,3,0,4,0,586538
2,2,1,1,1,0,335036
4,2,1,0,1,0,533743
2,4,5,0,1,1,440373
3,2,2,0,1,0,407213
1,4,1,0,1,0,344223
3,4,1,1,2,1,526119
4,4,2,0,3,0,602835
2,2,5,1,3,1,302738
2,4,1,0,3,0,442317
5,3,5,0,4,1,654134
2,1,4,1,2,1,275892
5,1,5,0,3,0,589601
1,4,3,1,4,1,308353
4,1,3,1,2,0,465690
5,2,5,0,2,0,601909
1,2,3,0,4,0,225703
2,1,4,0,2,0,264496
2,2,2,0,4,0,312062
1,1,3,0,3,0,159850
2,1,3,0,4,0,277701
1,1,5,1,2,1,184731
5,4,4,1,3,1,705153
5,1,2,0,3,0,560481
1,4,5,1,1,1,333734
5,1,5,1,1,1,550889
5,1,4,0,2,0,569445
5,1,2,0,4,0,556461
3,2,4,1,4,1,438934
4,4,2,0,2,0,628205
2,4,4,1,3,1,423351
3,1,5,0,2,0,366006
5,1,5,1,2,1,594149
1,2,1,1,3,0,249112
5,2,3,1,4,0,610940
4,2,4,1,2,1,511258
5,4,1,0,4,0,724485
1,4,3,0,2,0,323763
4,4,4,1,3,1,640048
5,1,2,1,3,0,551067
4,4,3,0,1,0,620607
2,3,5,0,3,1,393883
2,3,1,1,1,1,359018
5,2,3,1,2,0,648521
4,4,3,1,4,1,646946
1,3,5,1,3,1,265187
5,2,4,1,3,1,637375
2,4,2,0,3,0,403985
2,1,5,1,2,1,293052
5,3,2,0,1,0,669563
4,1,4,0,2,0,497322
2,4,3,0,4,0,437306
4,3,2,1,2,1,568608
2,4,1,0,4,0,439139
2,1,1,0,3,0,251726
3,3,5,0,4,1,476582
2,1,4,0,4,0,255791
1,4,5,1,1,1,308458
5,4,5,1,4,1,717221
5,1,5,0,4,0,598506
4,3,1,0,2,0,570968
2,1,1,1,3,0,267070
1,4,5,1,2,1,327937
4,1,1,1,2,0,499508
3,4,4,0,3,1,541831
4,1,5,1,3,1,492933
4,3,1,0,4,0,597307
2,3,2,0,4,0,398340
3,1,5,1,1,1,387415
4,1,5,0,2,0,492770
1,3,4,1,3,1,270802
1,4,3,0,4,0,343601
5,3,3,1,3,1,660420
3,4,4,0,4,1,506642
3,1,4,0,1,0,369775
5,1,4,1,1,1,578754
4,4,3,1,3,1,643310
3,1,4,1,1,1,354357
1,4,1,1,3,1,321263
1,2,5,0,4,0,248367
2,3,5,1,2,1,363201
3,2,2,1,1,0,402739
4,4,2,0,4,0,613231
5,3,5,1,2,1,692278
5,4,1,1,2,1,742495
4,3,3,0,2,0,571168
2,3,3,1,4,1,382624
5,3,1,1,4,1,660635
3,3,3,1,3,1,459964
2,4,4,1,2,1,427785
3,3,5,1,2,1,479510
1,3,5,1,2,1,267261
2,2,1,0,3,0,319254
5,1,3,1,2,0,561392
2,1,2,0,4,0,262336
2,2,2,0,2,0,311939
2,2,3,0,1,0,327412
2,4,2,0,4,0,416676
3,4,1,1,3,1,509843
1,4,1,1,2,1,345591
4,2,3,1,1,0,525112
2,2,2,0,3,0,330598
5,3,1,1,3,1,685454
2,4,1,1,4,1,433001
5,4,4,1,3,1,727228
3,4,4,0,3,1,514429
5,1,1,0,3,0,568758
4,3,3,1,3,1,552272
1,4,5,0,2,1,317350
5,4,5,0,2,1,722538
5,4,1,1,2,1,703400
1,1,1,0,2,0,165371
4,1,1,0,1,0,487310
2,2,3,1,2,0,336291
5,3,4,0,3,1,668147
1,2,1,0,2,0,203291
3,3,1,0,2,0,485256
1,1,2,0,4,0,160892
3,4,3,0,3,0,534326
4,2,1,0,2,0,537458
2,4,2,0,2,0,438889
1,2,5,0,2,0,244966
5,1,1,1,1,0,587207
4,1,1,1,2,0,490288
1,1,2,1,4,0,175995
5,2,3,1,3,0,605409
1,3,1,0,3,0,292438
3,2,5,1,2,1,444874
1,3,1,1,2,1,294702
1,2,5,0,2,0,229823
1,2,4,0,3,0,207869
4,1,4,0,3,0,485724
1,4,5,0,1,1,322401
5,4,3,0,4,0,725958
3,3,1,1,1,1,460766
3,4,1,0,4,0,519768
1,2,4,1,1,1,230794
4,2,5,1,3,1,526145
4,1,1,0,1,0,460086
5,1,1,1,4,0,593203
1,4,3,1,2,1,326442
3,3,2,0,4,0,466412
4,4,4,1,2,1,625596
1,4,4,1,3,1,310255
4,4,2,1,4,1,642406
4,4,1,0,1,0,640524
3,2,3,0,4,0,423332
2,3,3,0,2,0,394624
5,2,4,1,3,1,615764
5,3,3,0,1,0,677563
3,1,2,1,4,0,372139
4,4,1,0,2,0,636370
1,2,2,1,1,0,205062
4,3,5,0,3,1,594645
3,1,4,0,1,0,357244
5,1,3,1,3,0,556372
4,4,5,0,1,1,639873
5,3,3,1,4,1,669965
1,2,1,0,2,0,244997
5,4,1,0,4,0,716956
5,2,1,1,4,0,640473
2,1,3,1,3,0,263894
2,2,5,1,3,1,345048
2,2,1,0,3,0,333382
5,4,5,1,4,1,704050
3,2,3,0,1,0,416709
5,4,5,1,1,1,715722
3,1,3,1,4,0,365210
3,4,3,1,4,1,549510
2,4,4,1,2,1,436545
4,3,3,1,3,1,588674
1,2,3,1,3,0,234489
2,1,2,0,4,0,267733
2,4,1,1,4,1,420080
4,1,4,0,1,0,486664
1,3,4,1,4,1,289709
5,2,4,1,1,1,646232
5,4,2,1,4,1,738014
2,2,3,0,2,0,341152
1,3,1,0,2,0,277250
2,3,5,1,1,1,370229
3,1,3,0,3,0,398137
2,4,2,1,2,1,416475
2,1,3,1,1,0,296412
5,3,3,0,4,0,693876
5,2,2,0,4,0,629011
5,1,4,0,1,0,558128
3,1,4,0,3,0,382450
5,2,1,1,1,0,618897
1,1,1,0,1,0,158168
4,2,4,0,2,0,506861
1,4,5,1,1,1,341758
1,2,3,0,1,0,213750
5,4,5,0,4,1,716988
4,2,3,0,2,0,502979
4,3,4,0,4,1,573524
4,3,1,1,4,1,557065
3,4,1,1,3,1,537684
5,4,5,0,3,1,723184
4,3,1,0,2,0,583365
3,4,4,1,2,1,523704
2,2,5,0,3,0,305622
2,2,3,0,3,0,318261
3,3,1,0,3,0,494932
3,1,2,0,3,0,378419
5,2,1,0,3,0,634467
5,4,3,0,4,0,725605
2,1,5,0,2,0,279171
4,1,3,0,4,0,472164
2,2,2,0,4,0,349868
4,2,4,1,1,1,546197
4,1,1,1,4,0,463796
5,1,5,1,3,1,586854
1,3,4,0,3,1,281320
1,4,3,0,1,0,300665
3,3,5,1,1,1,482694
5,2,4,0,1,0,624230
4,3,5,1,1,1,572995
1,3,2,0,1,0,276784
4,3,2,1,4,1,564605
1,3,1,1,1,1,267463
1,4,1,1,4,1,308419
1,4,2,0,2,0,347952
5,1,5,1,1,1,583837
2,2,2,0,1,0,305263
4,3,1,0,4,0,598877
5,1,2,0,2,0,590719
5,1,2,0,4,0,595687
5,1,5,0,4,0,584131
5,4,4,0,1,1,737276
5,3,1,0,3,0,684523
3,3,5,1,3,1,450519
4,2,2,1,4,0,531106
5,3,2,1,1,1,694504
4,3,4,0,2,1,560514
3,1,1,0,3,0,397456
3,2,1,0,2,0,407233
4,3,3,0,3,0,551102
1,4,1,1,1,1,300597
2,3,4,0,4,1,396715
1,1,3,1,2,0,169657
1,4,3,0,2,0,345009
1,1,2,1,4,0,188549
5,3,2,0,2,0,693565
3,4,1,1,3,1,506256
1,2,3,0,4,0,243148
3,2,2,1,3,0,429401
4,4,4,0,3,1,641548
2,4,2,1,1,1,406554
4,1,2,1,3,0,462664
4,4,3,0,1,0,642367
5,1,3,1,2,0,598279
2,3,5,0,2,1,374386
4,1,4,0,1,0,454846
4,4,3,0,3,0,626205
2,4,1,1,4,1,425570
2,3,4,1,4,1,380255
4,4,4,0,1,1,621182
2,4,3,0,2,0,439373
4,2,4,1,2,1,543019
4,2,3,1,4,0,516043
5,3,2,1,1,1,695532
1,1,5,0,4,0,185754
4,2,2,0,3,0,500400
3,1,3,0,3,0,369239
1,4,3,0,1,0,310416
1,2,2,0,1,0,203412
1,3,1,1,3,1,266440
5,3,1,0,2,0,674406
4,3,1,1,1,1,551875
5,2,3,1,3,0,637066
4,1,4,0,3,0,486536
5,4,3,1,2,1,705752
5,1,4,0,2,0,571217
3,1,2,1,2,0,362489
5,4,5,0,2,1,701353
2,4,4,0,4,1,426986
3,2,1,1,2,0,421371
5,2,3,0,4,0,639365
1,2,2,1,1,0,214691
2,2,1,0,3,0,304311
2,2,2,0,4,0,348075
2,4,5,0,1,1,410794
3,1,3,1,1,0,352934
5,2,3,1,4,0,616406
5,2,5,0,1,0,610394
1,1,3,1,1,0,176872
1,2,4,0,4,0,241708
2,1,2,1,1,0,299956
1,1,1,1,2,0,191093
3,4,5,0,2,1,520800
5,3,4,0,3,1,693397
2,4,1,0,1,0,437909
1,3,1,0,3,0,271352
3,3,5,0,2,1,486439
3,3,4,1,2,1,478312
1,2,1,1,2,0,240060
5,4,1,0,1,0,715438
1,3,4,0,1,1,273385
2,1,3,0,2,0,294999
1,2,1,1,3,0,218482
3,4,2,0,3,0,532471
1,3,4,0,4,1,297279
5,1,1,1,2,0,593877
4,4,5,1,3,1,641212
1,4,2,1,2,1,348373
5,2,1,1,3,0,613026
5,4,2,0,4,0,742089
3,2,2,1,4,0,419648
5,3,3,1,2,1,655435
5,2,2,0,3,0,608493
5,1,3,0,1,0,556691
5,2,4,0,4,0,602763
2,1,3,1,2,0,270389
2,2,5,0,2,0,331498
3,4,1,1,3,1,536009
1,3,4,1,2,1,285825
5,1,4,1,4,1,566934
1,2,5,0,2,0,205574
1,2,3,1,2,0,238179
3,2,1,0,1,0,401587
5,4,3,0,1,0,742782
5,4,2,0,4,0,738688
4,1,3,1,3,0,461688
1,1,4,1,1,1,154409
1,4,1,1,3,1,305783
2,1,3,0,4,0,283480
4,3,1,1,1,1,576751
2,3,1,1,3,1,388174
2,4,2,1,1,1,412041
2,1,2,1,4,0,273227
3,2,4,1,4,1,435201
3,3,5,0,1,1,486069
2,4,1,0,3,0,416654
4,1,5,0,2,0,476370
1,4,4,0,2,1,329482
4,2,1,1,1,0,511586
5,3,1,0,3,0,655322
3,4,5,1,2,1,513932
1,4,3,0,4,0,329299
1,4,2,0,3,0,325179
5,2,3,0,2,0,605257
5,4,5,1,3,1,746501
2,2,2,1,1,0,346136
3,2,3,0,3,0,409777
3,2,2,1,2,0,411249
4,3,1,0,1,0,571390
2,3,3,0,3,0,370369
2,4,2,0,4,0,412881
2,4,2,1,2,1,409587
2,3,2,0,1,0,378264
3,1,3,0,3,0,358791
3,3,4,0,4,1,491473
2,2,3,1,2,0,322375
4,3,5,0,4,1,572611
1,2,3,1,3,0,242026
1,4,2,0,3,0,307833
4,1,1,1,1,0,497013
2,4,3,0,4,0,415754
3,2,3,0,1,0,442048
1,2,2,1,2,0,212577
5,2,1,1,1,0,631095
5,1,1,0,2,0,571248
4,3,5,1,3,1,585282
2,4,3,0,3,0,436737
1,4,1,0,4,0,331891
2,3,1,0,2,0,374124
1,4,4,1,3,1,304566
4,1,4,0,4,0,452196
4,4,1,1,4,1,631115
5,2,5,0,1,0,649941
2,3,1,1,4,1,369859
5,1,2,1,3,0,561345
2,3,3,0,1,0,384077
5,1,5,1,2,1,550864
3,2,2,0,2,0,412055
3,3,5,0,3,1,488157
3,4,2,0,3,0,519747
3,1,3,0,1,0,394484
1,3,3,0,1,0,261978
3,4,4,1,3,1,524599
4,3,2,0,3,0,585771
4,3,4,1,2,1,596942
1,3,2,1,2,1,296540
3,1,4,0,2,0,367615
3,4,3,1,3,1,540727
3,2,5,0,4,0,444748
5,1,4,1,3,1,589349
2,1,2,1,3,0,279377
5,1,2,1,2,0,580031
2,2,3,0,3,0,349573
3,4,2,1,1,1,542733
3,4,1,0,3,0,511760
5,4,5,1,3,1,747690
5,3,4,1,3,1,683714
2,3,5,1,3,1,375762
4,3,3,1,4,1,584332
2,2,4,0,3,0,340100
5,3,4,0,1,1,654944
5,2,1,1,1,0,648825
1,4,3,1,3,1,313877
5,3,2,0,2,0,679990
1,3,1,0,4,0,292907
4,1,1,0,3,0,484076
2,2,5,0,3,0,349538
2,4,5,1,3,1,403258
1,1,5,1,2,1,181629
2,1,1,0,2,0,287579
5,4,2,0,2,0,722958
3,1,4,0,4,0,389465
1,2,5,0,1,0,220317
2,2,2,0,4,0,315775
1,3,3,0,2,0,261039
1,1,5,1,1,1,179097
3,3,4,1,1,1,484207
5,1,3,1,2,0,572553
1,2,3,0,2,0,244402
2,2,4,0,4,0,300055
4,2,5,0,2,0,523161
1,1,1,1,1,0,182873
1,2,4,0,3,0,235969
3,1,4,0,2,0,365184
5,3,4,1,2,1,650669
4,1,3,0,4,0,462663
2,3,2,1,4,1,375318
4,1,1,1,2,0,483734
2,3,5,0,1,1,366691
5,2,5,1,1,1,618522
2,3,2,0,3,0,361656
3,2,4,1,2,1,415893
3,2,1,0,4,0,445857
3,3,5,1,1,1,466493
3,1,5,0,3,0,353632
4,1,4,1,2,1,480336
5,4,2,1,1,1,723112
2,1,1,1,2,0,288452
2,4,2,0,2,0,413266
3,1,2,0,1,0,366940
3,1,1,1,1,0,374003
1,2,1,0,1,0,232872
5,4,5,1,2,1,734815
4,1,5,0,2,0,480869
2,4,1,1,3,1,449297
1,2,3,0,4,0,217257
1,2,5,1,2,1,216682
2,4,3,1,4,1,419622
4,2,1,1,1,0,530408
1,3,5,1,2,1,258837
1,3,2,0,3,0,265407
5,2,1,1,3,0,629309
4,3,4,0,4,1,556382
1,1,3,0,1,0,177654
4,4,1,1,4,1,618895
2,1,1,0,1,0,283551
3,4,5,0,3,1,521376
1,2,5,0,4,0,200370
5,1,5,1,3,1,598676
2,2,4,0,3,0,300486
4,2,5,0,1,0,523762
2,4,1,1,4,1,426613
1,4,5,1,4,1,347268
4,4,2,0,3,0,603196
3,1,5,1,3,1,392320
2,3,4,0,1,1,379401
1,4,2,0,2,0,335029
5,4,1,0,2,0,710813
4,1,1,1,3,0,491916
2,4,3,0,2,0,408572
2,1,2,1,2,0,297776
3,2,3,1,2,0,428225
3,4,2,0,2,0,545853
5,4,2,1,3,1,749390
5,2,4,1,2,1,632275
1,2,3,1,2,0,206843
1,2,4,1,1,1,201105
5,4,2,1,3,1,743209
5,3,1,0,4,0,681639
4,3,2,1,4,1,592487
3,3,4,0,1,1,468051
1,4,3,0,1,0,328708
3,2,3,0,3,0,435459
3,4,4,0,4,1,511864
5,2,3,0,2,0,634764
4,4,5,0,1,1,601425
2,4,1,1,4,1,449146
4,2,1,1,3,0,506849
4,3,1,1,2,1,586015
3,2,3,0,3,0,418976
4,1,3,1,1,0,484258
1,1,2,1,4,0,197078
3,2,2,1,4,0,431113
1,4,1,0,4,0,349984
2,1,5,1,4,1,265401
3,1,2,0,2,0,362884
2,4,2,1,2,1,418824
3,4,3,0,3,0,537563
5,3,5,0,2,1,684414
4,4,1,0,1,0,616142
5,2,2,1,1,0,647074
2,2,5,1,4,1,349592
4,3,5,0,1,1,555956
3,1,1,1,3,0,363928
4,1,5,0,2,0,459721
1,4,5,0,2,1,311157
4,2,5,1,2,1,535135
1,1,2,1,1,0,156696
4,3,1,1,2,1,577862
1,3,5,0,4,1,255190
2,2,5,0,4,0,304663
5,3,2,1,4,1,689830
3,3,1,0,1,0,454331
4,2,3,1,2,0,544648
5,4,2,0,1,0,728549
3,4,1,1,2,1,516246
3,3,5,1,3,1,475761
1,4,1,0,3,0,303262
2,4,1,1,1,1,446088
2,3,1,1,4,1,357036
5,4,3,0,1,0,722322
2,3,1,1,4,1,369131
4,1,3,0,2,0,454677
2,2,5,1,4,1,307972
5,2,3,0,4,0,615329
2,4,5,1,2,1,437032
4,4,5,1,3,1,635901
1,4,3,1,2,1,344380
5,2,2,1,1,0,620493
1,1,4,0,1,0,168595
1,1,1,0,1,0,171923
1,2,4,0,1,0,246926
3,1,1,0,1,0,359735
3,2,1,0,3,0,434457
1,1,5,0,3,0,192531
5,3,1,0,4,0,657727
4,3,1,1,1,1,557764
4,2,3,1,2,0,545771
2,1,4,1,1,1,277599
5,4,3,1,3,1,700818
3,1,1,0,1,0,397207
1,3,5,0,3,1,297845
2,3,3,0,4,0,387289
4,1,3,1,4,0,483892
3,1,2,0,4,0,355660
3,4,1,1,3,1,529521
1,4,5,0,1,1,338409
4,1,3,0,1,0,484470
5,1,3,0,2,0,568385
3,1,5,0,3,0,373296
1,1,1,1,2,0,173616
5,2,2,1,4,0,626382
4,1,3,0,1,0,461139
3,4,2,1,3,1,532060
5,3,4,0,2,1,672419
5,2,1,0,2,0,627785
5,1,4,0,2,0,565702
3,3,4,0,1,1,479217
3,2,4,1,1,1,439291
2,3,1,0,1,0,362397
4,1,1,0,3,0,490879
1,1,5,1,1,1,185169
5,4,2,0,3,0,726940
2,1,2,1,2,0,292249
1,1,5,0,2,0,178341
2,2,5,0,4,0,310067
3,4,4,0,1,1,546144
5,2,5,0,2,0,613824
1,3,3,0,1,0,263444
1,1,2,0,3,0,195647
1,3,5,1,2,1,298880
1,2,3,0,1,0,233307
1,1,3,1,2,0,160974
2,1,3,1,2,0,296614
5,2,3,0,1,0,638383
3,2,4,1,2,1,429290
3,2,3,0,2,0,416016
3,2,4,1,2,1,432112
3,2,4,0,2,0,428513
2,1,3,1,3,0,252956
4,2,2,1,2,0,508077
5,1,3,0,4,0,586490
1,1,3,1,2,0,194827
4,2,3,0,1,0,537855
3,2,2,0,4,0,443106
4,4,1,0,3,0,634938
5,1,1,0,4,0,586159
1,2,4,0,4,0,239710
1,2,4,1,4,1,218000
5,2,2,1,1,0,613806
5,4,5,1,1,1,747560
3,4,1,0,1,0,512809
1,3,4,1,3,1,264855
4,1,1,1,1,0,491876
2,3,2,1,1,1,379388
2,2,2,1,4,0,306458
5,4,5,1,1,1,735524
3,4,5,0,2,1,506853
2,3,2,0,1,0,390477
1,4,4,1,3,1,332222
5,2,1,0,3,0,618320
4,4,3,0,2,0,628618
5,3,5,1,3,1,695615
4,2,3,1,3,0,517352
5,3,4,0,4,1,657297
5,4,5,1,2,1,727940
5,3,3,0,4,0,699024
4,3,4,0,4,1,553203
4,1,1,1,1,0,489267
5,4,4,0,2,1,737941
2,4,5,0,1,1,417273
3,3,2,0,1,0,475368
3,1,1,1,4,0,361650
3,4,3,1,3,1,530984
4,2,5,1,2,1,541941
4,3,2,1,3,1,557382
2,4,4,0,4,1,400801
3,2,2,1,4,0,441002
3,4,5,1,4,1,546665
5,2,5,1,4,1,647965
4,3,2,1,4,1,569733
3,4,4,0,4,1,509969
2,4,2,0,3,0,435969
2,1,5,0,1,0,266733
3,3,5,1,3,1,482449
4,2,3,1,2,0,526143
2,4,3,0,3,0,425705
5,4,1,1,4,1,728363
2,2,5,1,3,1,330720
1,3,3,0,1,0,259972
1,1,2,0,2,0,183351
4,1,4,1,3,1,495487
3,4,2,1,1,1,536145
4,2,4,1,3,1,522412
4,4,3,0,2,0,624078
4,2,1,0,3,0,522580
4,1,2,0,4,0,464855
5,3,2,0,3,0,686169
5,2,2,1,1,0,646404
2,1,4,0,3,0,269569
1,4,3,0,1,0,348506
4,2,2,1,2,0,525738
2,3,2,1,3,1,356772
1,4,1,1,2,1,324874
3,4,1,0,2,0,519731
5,1,3,1,3,0,560131
1,2,3,1,1,0,200788
3,4,5,0,2,1,516184
1,3,1,0,2,0,280897
5,2,5,1,3,1,602889
5,3,4,0,3,1,659569
2,4,5,1,3,1,421657
4,3,2,1,3,1,560141
1,1,5,0,3,0,169656
1,3,3,1,4,1,271618
3,2,4,0,3,0,411934
5,3,2,0,1,0,692537
1,3,5,0,2,1,273286
5,1,4,1,1,1,557612
1,3,4,0,1,1,282069
2,3,2,0,4,0,366205
4,4,5,1,3,1,627331
1,4,4,1,2,1,313934
5,2,4,1,1,1,610095
2,4,1,1,3,1,425958
1,4,4,0,3,1,337008
3,4,1,0,4,0,518706
4,4,5,0,4,1,643516
1,1,5,1,4,1,188066
2,4,5,1,2,1,431472
3,1,3,0,1,0,384629
2,1,5,1,4,1,296910
2,4,4,1,4,1,423004
3,3,2,0,4,0,470431
2,1,1,0,1,0,290088
3,3,3,1,1,1,494135
1,3,5,1,4,1,288015
3,4,5,1,4,1,534502
3,2,2,0,3,0,431385
4,4,2,0,4,0,604663
3,2,3,0,2,0,438677
3,2,1,0,2,0,412818
1,4,5,0,4,1,322686
4,4,3,1,1,1,623977
5,2,4,1,3,1,649832
1,4,4,1,1,1,340931
1,2,3,0,4,0,218454
5,3,5,0,2,1,663358
3,4,3,0,3,0,506668
2,3,5,1,1,1,395784
4,1,2,0,1,0,490769
2,3,3,0,4,0,359921
5,3,5,1,3,1,684959
1,2,3,0,2,0,232328
1,3,3,1,4,1,258859
4,4,5,0,3,1,623970
1,2,5,0,1,0,208872
1,1,1,1,4,0,169230
4,4,3,1,1,1,626708
4,1,4,1,1,1,468847
5,3,3,1,4,1,677105
1,4,3,1,4,1,304922
1,4,5,1,4,1,304392
5,1,3,0,4,0,563541
3,4,3,0,4,0,519551
3,4,4,1,1,1,519381
3,4,5,0,2,1,547783
5,3,3,1,2,1,685995
1,1,2,0,4,0,172948
5,4,1,1,1,1,726728
5,2,4,0,2,0,602024
3,2,3,0,2,0,416713
2,2,2,0,2,0,302486
1,2,3,0,1,0,201155
3,3,3,0,4,0,460082
2,4,5,1,4,1,437245
2,1,5,1,4,1,268569
4,4,5,1,3,1,607086
1,3,2,0,3,0,252317
2,2,3,1,3,0,336389
3,3,1,0,1,0,454491
4,4,4,0,2,1,615916
1,1,5,0,2,0,165248
5,3,5,1,1,1,652511
3,1,3,0,1,0,374226
2,3,3,1,4,1,375025
2,1,2,1,4,0,292314
3,1,2,0,3,0,398380
2,2,5,0,3,0,307848
4,1,3,1,1,0,464274
1,2,1,1,3,0,230958
4,4,4,1,2,1,635233
2,4,3,1,1,1,416304
5,2,3,1,1,0,648437
1,2,2,1,2,0,211294
1,3,4,0,4,1,276425
3,3,5,1,4,1,453175
3,3,3,1,2,1,490617
5,4,5,1,2,1,745241
1,3,3,1,3,1,277775
5,1,5,0,1,0,559425
3,1,4,0,3,0,376013
3,3,2,1,2,1,477928
1,1,4,1,3,1,194990
4,4,1,1,2,1,641212
2,1,2,0,3,0,258210
3,4,4,0,3,1,502759
3,2,1,0,4,0,416091
4,2,3,0,2,0,500002
4,2,3,0,3,0,540958
5,2,5,0,1,0,630160
5,1,2,1,3,0,570707
2,3,3,0,3,0,365248
2,1,2,0,1,0,255773
1,4,3,1,2,1,312786
5,1,5,0,4,0,565037
3,1,4,1,4,1,351885
5,4,5,0,4,1,739828
3,2,1,1,1,0,416331
4,2,3,1,3,0,540612
5,2,1,1,2,0,622495
4,3,1,1,3,1,563450
2,4,2,1,4,1,409491
2,4,3,0,3,0,409268
1,1,1,0,1,0,177757
5,3,4,1,1,1,691907
4,2,1,1,2,0,506791
3,3,4,1,2,1,489939
2,4,2,0,4,0,428314
2,4,1,1,2,1,428583
3,1,5,1,3,1,371550
4,1,2,1,1,0,450093
4,4,4,1,1,1,635755
5,2,2,0,1,0,645615
5,2,1,1,2,0,609967
1,3,3,1,1,1,266218
2,4,3,0,1,0,443220
5,4,4,1,1,1,708627
4,2,4,1,4,1,504947
3,2,3,0,4,0,439419
4,4,4,0,2,1,623178
2,1,2,0,1,0,278876
4,4,5,1,2,1,622908
1,4,5,1,1,1,335912
2,2,2,0,1,0,319971
3,2,5,0,1,0,432584
1,1,1,0,2,0,199228
2,1,2,1,2,0,258959
3,3,4,1,1,1,478261
1,4,2,0,3,0,341065
1,2,3,1,2,0,239462
2,1,4,0,4,0,265835
5,3,3,1,2,1,669257
1,3,4,1,1,1,253346
1,2,5,1,3,1,230807
3,2,2,1,1,0,430418
4,3,1,0,4,0,561340
2,1,4,1,2,1,283012
2,3,4,1,2,1,385393
5,4,3,0,1,0,736617
5,4,5,1,1,1,709597
2,2,3,0,4,0,325557
5,1,3,0,3,0,557737
3,1,5,1,4,1,396792
2,4,1,1,3,1,444768
5,3,3,0,2,0,691101
2,2,3,0,3,0,317276
4,3,4,0,3,1,557310
1,3,5,1,2,1,285167
2,3,2,0,2,0,387408
1,1,1,0,2,0,169344
5,4,1,0,4,0,710391
1,1,5,1,2,1,160892
2,4,4,0,1,1,411197
4,2,4,1,2,1,513050
5,2,5,1,2,1,636142
2,3,4,0,2,1,395679
5,4,1,1,3,1,741615
3,4,1,0,4,0,547553
1,4,2,1,2,1,343728
3,3,5,1,4,1,463535
2,3,3,0,1,0,391002
4,2,3,0,1,0,543271
5,1,2,0,2,0,555122
1,4,2,1,1,1,309852
5,4,4,1,4,1,705387
2,1,2,0,3,0,281759
5,4,2,0,2,0,740399
1,3,3,1,1,1,289994
2,3,4,1,4,1,387876
5,4,2,1,4,1,734878
4,3,2,0,1,0,583725
2,3,4,1,4,1,357146
2,4,5,0,4,1,400560
4,2,4,1,2,1,501312
3,1,3,1,4,0,368205
1,3,5,0,1,1,261595
3,2,1,0,2,0,422030
5,3,4,0,1,1,671329
4,3,3,1,3,1,588142
3,1,5,1,1,1,352651
2,3,4,1,1,1,360006
5,1,2,0,2,0,592701
5,1,4,1,4,1,598940
3,1,1,0,1,0,385645
3,2,4,0,2,0,421966
4,4,5,0,3,1,627846
1,2,5,1,2,1,221774
3,4,4,1,2,1,504083
3,4,5,0,4,1,533513
2,1,2,1,1,0,258749
5,3,4,0,3,1,680783
1,1,2,0,2,0,167325
2,3,2,1,1,1,368680
4,4,3,0,1,0,617323
4,1,4,0,2,0,472684
3,3,5,1,1,1,484493
3,2,2,0,2,0,412213
4,3,3,0,2,0,581831
3,1,4,0,2,0,392296
1,2,4,0,3,0,246930
3,3,1,0,2,0,477713
5,3,1,0,4,0,691621
3,3,2,0,1,0,457187
2,3,1,1,3,1,382800
1,3,2,1,1,1,282583
2,2,5,0,3,0,347661
2,4,2,0,4,0,414408
5,2,1,1,3,0,622369
1,2,5,1,3,1,247928
1,2,1,1,3,0,203414
1,4,2,1,1,1,319510
1,1,3,1,2,0,162120
1,4,4,0,1,1,334311
5,2,1,1,2,0,633039
3,3,2,1,1,1,455295
2,3,5,1,4,1,370460
1,2,1,0,4,0,214963
3,3,1,0,3,0,461580
3,2,4,0,4,0,422286
2,3,2,0,3,0,377328
5,4,3,0,2,0,719093
4,1,5,0,4,0,471605
4,1,2,1,2,0,495365
3,4,5,0,1,1,544813
2,4,1,0,2,0,446371
4,2,4,1,1,1,542705
3,2,4,0,2,0,447598
5,2,3,1,2,0,606722
4,3,4,1,4,1,590969
3,2,1,0,2,0,436912
3,4,3,1,4,1,538374
1,1,2,1,4,0,156766
5,3,4,1,3,1,699882
1,2,3,1,3,0,215928
2,3,1,0,1,0,371274
1,3,5,1,2,1,284416
1,2,5,0,1,0,220612
4,3,1,1,2,1,584898
3,1,1,1,3,0,397160
5,4,5,1,3,1,729047
1,4,3,0,2,0,343356
5,1,5,0,2,0,587134
1,3,1,0,3,0,251506
2,2,4,1,3,1,315222
1,3,2,1,1,1,262363
4,1,4,1,3,1,469613
3,3,4,1,2,1,494563
2,4,1,0,1,0,430628
1,3,5,1,2,1,292626
5,1,3,0,4,0,595384
2,4,4,1,1,1,404136
2,3,5,0,2,1,396246
1,3,3,0,3,0,261161
2,4,4,1,4,1,435457
5,2,3,1,2,0,623574
2,4,5,0,1,1,426902
5,2,2,1,2,0,602810
1,1,5,1,4,1,161663
3,1,1,0,1,0,356152
2,4,3,0,4,0,400012
3,4,2,0,2,0,511162
5,1,3,0,3,0,572322
2,2,3,1,3,0,307999
4,1,4,0,2,0,457219
3,4,1,0,2,0,505328
2,1,3,0,2,0,253621
3,4,5,1,1,1,524256
2,4,5,0,4,1,444433
1,1,4,1,4,1,161314
3,2,1,0,4,0,400652
4,3,1,0,2,0,566182
4,1,5,1,4,1,491580
5,3,2,0,2,0,686558
2,1,4,0,1,0,265659
3,3,4,1,3,1,484413
5,2,5,0,2,0,610435
3,2,5,0,2,0,428067
2,1,2,0,3,0,272258
4,4,2,0,3,0,628287
1,3,1,1,1,1,253688
4,4,4,0,4,1,607689
5,4,4,1,2,1,701379
1,4,5,0,4,1,337011
5,2,1,1,2,0,643005
2,1,4,0,1,0,277624
1,1,1,1,3,0,175964
5,2,1,0,1,0,622891
2,2,5,1,3,1,349098
4,1,1,1,4,0,488379
2,4,2,0,4,0,412516
3,3,2,1,1,1,463886
2,3,3,0,3,0,370307
2,3,5,0,1,1,374843
3,4,3,0,3,0,546484
5,1,2,0,3,0,555912
5,2,3,0,4,0,621514
2,1,5,1,4,1,271823
3,4,5,0,3,1,528797
3,2,1,0,3,0,406449
4,4,4,0,3,1,601725
5,3,1,0,4,0,665870
1,3,5,0,4,1,259304
5,4,2,0,2,0,707522
5,2,2,1,3,0,613663
4,2,1,1,2,0,504784
1,1,5,0,3,0,159472
4,3,2,1,4,1,578952
1,1,5,0,2,0,160055
2,1,2,0,2,0,279508
1,4,5,0,1,1,312676
4,4,3,0,3,0,625192
5,1,5,0,4,0,574722
1,3,5,1,1,1,257446
1,4,1,1,1,1,304725
3,1,3,1,3,0,370061
5,1,4,1,1,1,597537
2,1,1,0,3,0,272671
4,1,4,1,1,1,451409
2,1,2,0,3,0,258205
5,1,4,1,4,1,566365
1,4,5,1,3,1,300256
1,3,4,1,3,1,265704
5,1,1,1,2,0,579902
1,2,1,0,4,0,235758
1,4,4,1,4,1,301195
1,4,1,1,4,1,334012
4,1,1,0,1,0,461415
4,4,4,0,2,1,639534
3,1,3,1,4,0,371686
2,3,3,0,1,0,361662
5,3,2,0,1,0,698978
5,4,1,0,1,0,728743
5,4,4,1,2,1,732161
3,2,1,0,1,0,443081
4,4,5,1,2,1,602402
3,2,1,1,3,0,449648
5,3,1,1,1,1,663275
2,3,3,1,4,1,378182
1,1,4,0,1,0,164915
4,3,1,1,3,1,550909
4,2,3,0,3,0,548574
3,4,2,1,1,1,500372
4,1,3,0,3,0,472620
5,2,3,1,2,0,634112
5,4,3,0,2,0,708515
3,1,1,1,1,0,352431
5,3,1,1,2,1,671054
2,2,2,0,2,0,332624
3,4,5,1,4,1,510585
2,1,5,1,1,1,298230
1,1,5,1,3,1,181958
2,3,2,0,1,0,351695
1,4,5,1,2,1,334675
1,3,5,1,4,1,299932
2,3,3,0,1,0,383787
3,4,1,0,1,0,544225
5,4,1,0,2,0,701403
5,4,3,0,2,0,717810
1,2,3,0,1,0,208855
1,4,3,1,2,1,338636
3,1,1,1,2,0,360839
4,3,5,1,2,1,550010
2,2,3,0,2,0,339098
1,4,2,1,2,1,347829
5,2,3,0,4,0,609230
3,4,4,0,2,1,540232
2,2,3,1,3,0,347514
3,3,1,0,1,0,485771
2,3,3,0,4,0,379256
2,1,4,1,4,1,275651
1,1,2,0,2,0,182383
3,4,5,0,1,1,539963
3,3,3,1,3,1,463662
5,2,4,0,2,0,613739
5,2,4,0,1,0,648356
1,2,2,1,2,0,201789
1,1,1,1,2,0,169420
4,2,3,1,2,0,523761
5,1,4,1,2,1,590366
2,1,2,0,2,0,287606
3,4,5,0,2,1,538640
1,2,4,1,2,1,244135
3,2,2,0,3,0,437067
3,3,1,0,4,0,467357
4,4,1,1,3,1,639851
5,3,4,1,2,1,688262
1,4,4,0,2,1,311317
3,2,3,1,3,0,421534
1,1,2,1,3,0,175734
2,1,4,1,4,1,285897
4,1,3,0,3,0,482872
2,1,3,1,4,0,290201
1,1,4,0,2,0,157689
1,3,1,0,1,0,253567
5,4,2,0,1,0,720732
3,2,2,1,1,0,420774
3,3,1,1,1,1,473195
2,4,4,1,2,1,437412
4,1,2,1,1,0,497734
3,4,4,1,3,1,544098
5,4,4,0,3,1,722257
2,1,3,0,1,0,254394
2,1,1,0,3,0,286302
5,1,4,1,4,1,572228
4,2,5,0,2,0,512388
5,1,1,0,1,0,561319
4,2,2,1,1,0,506475
5,1,3,1,2,0,581555
5,2,2,0,3,0,618158
1,4,2,0,2,0,314728
2,3,1,1,2,1,394774
5,4,2,1,3,1,729545
5,4,4,1,2,1,731100
3,1,2,1,3,0,366150
2,2,3,0,3,0,333214
3,3,3,0,2,0,482876
2,1,5,1,4,1,253239
3,1,3,0,3,0,388699
5,1,2,0,2,0,586821
5,4,3,1,3,1,730615
1,2,1,0,4,0,213746
3,2,3,0,4,0,420921
4,3,4,0,1,1,572745
1,2,1,1,3,0,201245
3,2,5,1,3,1,446607
3,1,4,0,2,0,374853
1,1,2,1,3,0,177632
5,4,2,1,1,1,712856
3,1,2,1,4,0,355105
5,1,4,0,4,0,585690
1,1,4,0,1,0,152513
5,1,4,1,3,1,552801
2,4,1,0,3,0,432345
4,1,1,0,1,0,463895
3,3,2,0,2,0,489749
4,3,3,0,4,0,558221
5,3,2,0,1,0,656038
3,3,5,1,1,1,482031
5,1,1,0,3,0,565082
2,3,4,0,4,1,364648
1,1,1,0,3,0,150364
3,4,4,1,1,1,534568
2,3,5,1,2,1,364110
2,2,5,1,4,1,305958
3,3,1,0,1,0,459096
5,3,4,1,1,1,657436
2,1,5,1,2,1,271177
4,3,2,1,1,1,576754
2,2,2,1,1,0,324544
5,1,4,0,4,0,562638
5,1,1,1,4,0,550179
4,4,5,1,4,1,603873
2,4,1,0,3,0,417570
5,3,2,0,2,0,698223
3,4,5,1,4,1,517157
1,4,1,0,3,0,345565
1,4,3,1,3,1,304460
1,1,4,0,2,0,198084
2,1,4,0,2,0,250352
4,1,3,1,1,0,471586
5,4,2,0,3,0,705344
3,1,5,1,4,1,354507
3,4,4,0,2,1,537598
2,1,3,1,3,0,293988
1,1,3,0,4,0,182885
2,2,2,0,3,0,316865
4,3,2,0,2,0,587055
4,4,1,0,1,0,627213
5,2,4,0,3,0,604477
5,1,1,1,4,0,556533
4,4,3,0,2,0,649395
4,1,5,1,1,1,473396
4,3,5,1,4,1,562755
2,2,2,1,4,0,300865
4,3,5,0,4,1,561173
3,2,5,1,3,1,438097
1,1,5,0,2,0,183371
4,3,3,1,4,1,588524
1,3,5,1,3,1,261254
2,1,5,1,2,1,254018
1,3,5,1,2,1,255192
2,4,1,1,3,1,402015
3,2,3,0,3,0,442618
2,2,2,1,4,0,303380
2,2,1,1,2,0,328343
5,4,4,0,1,1,703770
4,2,3,0,3,0,505829
4,1,3,0,2,0,484381
3,3,4,1,2,1,495915
3,4,4,1,4,1,515545
4,2,4,1,1,1,518263
5,1,2,1,4,0,588140
4,3,5,1,1,1,593306
5,3,3,1,1,1,675675
3,4,5,0,3,1,525362
1,4,5,0,2,1,300148
3,4,4,1,2,1,501754
3,1,2,1,2,0,376745
2,1,1,1,1,0,257378
2,4,2,1,2,1,446359
2,2,5,1,3,1,320140
2,3,2,0,1,0,359371
5,3,4,0,1,1,676999
4,1,1,1,1,0,462779
1,3,4,0,1,1,281075
3,2,1,1,3,0,430697
5,3,5,1,2,1,659795
1,1,1,1,3,0,188460
5,1,1,0,2,0,554218
5,2,1,0,3,0,637571
3,2,2,1,4,0,411672
4,3,2,0,4,0,581042
2,3,5,0,4,1,385950
4,1,1,1,4,0,461009
3,2,3,0,1,0,447096
3,2,5,0,1,0,419544
3,2,1,1,3,0,429381
1,3,1,1,3,1,275287
4,2,2,0,4,0,502586
4,1,5,1,2,1,452648
5,1,1,0,4,0,590081
5,3,1,1,3,1,668101
5,4,5,1,4,1,745312
3,3,3,1,3,1,471692
4,4,5,1,4,1,607407
3,2,5,0,2,0,417254
1,3,3,1,4,1,265234
5,1,5,1,2,1,572211
3,2,1,1,2,0,429480
3,1,5,0,3,0,397780
1,2,3,0,2,0,224846
2,3,4,1,1,1,392503
4,4,5,1,1,1,646193
2,2,2,1,1,0,348466
5,4,1,1,3,1,715321
3,2,1,1,1,0,412646
1,1,2,1,3,0,172117
1,1,2,0,3,0,154893
4,2,5,1,1,1,509476
2,4,2,1,2,1,417270
4,3,4,1,4,1,571702
3,3,3,1,3,1,454382
4,1,2,1,1,0,451785
1,3,2,1,3,1,295798
1,1,4,0,2,0,161735
5,3,1,0,2,0,680177
5,2,1,0,1,0,630712
3,1,5,0,3,0,366679
2,1,4,0,4,0,293013
4,2,3,0,4,0,535365
3,1,3,1,3,0,367064
5,3,4,1,3,1,680563
4,3,3,1,3,1,583092
5,1,1,1,1,0,597928
4,3,3,1,2,1,576867
2,4,3,1,4,1,445382
3,1,4,0,1,0,383754
4,2,4,1,3,1,519502
1,4,3,0,3,0,300760
1,1,2,0,2,0,174142
4,2,4,1,3,1,544653
4,3,5,1,1,1,591996
4,2,5,1,1,1,517290
1,4,1,1,2,1,305499
1,3,3,1,1,1,250364
4,1,2,1,4,0,469797
5,3,1,1,1,1,690795
5,1,3,0,1,0,582535
2,1,4,1,1,1,296300
3,2,5,1,4,1,447176
5,2,2,0,3,0,616105
1,2,5,1,1,1,207939
5,4,4,1,2,1,713936
2,4,3,0,4,0,442029
2,2,4,1,2,1,315863
3,4,4,1,1,1,512561
5,3,5,1,2,1,660447
1,3,2,1,1,1,280624
1,4,4,1,4,1,346940
4,4,5,1,2,1,644646
1,3,2,0,2,0,262411
3,1,3,1,1,0,369465
3,3,3,1,1,1,488216
1,3,1,0,3,0,269642
1,4,5,0,1,1,331262
4,3,2,1,1,1,580363
1,4,4,0,3,1,302107
4,4,3,1,1,1,607928
4,2,2,1,1,0,548002
1,3,5,0,3,1,269317
2,1,1,1,4,0,299078
2,2,3,1,4,0,325017
4,4,2,0,1,0,613528
1,4,2,0,1,0,313313
2,1,2,0,3,0,251559
1,4,5,0,3,1,315167
1,3,5,1,4,1,265343
1,2,5,0,2,0,238598
5,4,4,0,1,1,707523
1,4,2,0,2,0,349777
5,1,3,0,2,0,578439
4,3,5,0,3,1,565524
2,4,5,1,1,1,413285
2,1,2,0,1,0,260973
2,4,5,1,3,1,422694
2,1,4,0,2,0,285774
2,1,4,0,3,0,254302
2,3,5,0,4,1,372391
2,4,2,0,1,0,404611
4,3,2,0,4,0,559372
1,1,2,0,3,0,174312
3,2,1,0,1,0,414080
5,4,5,0,4,1,715082
3,2,2,1,4,0,447409
3,4,4,0,2,1,542861
1,3,3,1,1,1,280677
1,3,3,0,4,0,270874
1,3,2,1,4,1,258378
2,3,3,0,2,0,351597
4,3,3,0,4,0,561600
2,2,1,0,4,0,303747
4,3,4,1,4,1,563879
4,1,4,1,2,1,463017
3,1,1,1,4,0,374815
3,2,1,1,4,0,418964
4,4,3,0,1,0,628812
4,1,5,0,1,0,490200
2,4,3,0,2,0,424714
2,2,1,1,3,0,318890
3,4,4,0,1,1,504725
1,4,3,1,2,1,343205
4,4,5,1,4,1,620684
2,4,3,1,4,1,426325
3,2,2,1,2,0,432542
2,1,3,1,4,0,296037
4,3,1,0,4,0,563092
4,4,4,1,3,1,630382
5,1,4,1,4,1,589770
1,1,1,0,1,0,175457
5,2,2,1,4,0,606131
3,1,1,1,2,0,396029
2,2,3,0,3,0,325215
3,4,1,0,4,0,512612
4,4,1,0,2,0,637305
5,3,2,1,1,1,663091
5,3,3,0,4,0,685103
5,3,5,0,3,1,687089
3,1,5,0,4,0,379759
4,4,4,1,2,1,646022
2,2,1,0,3,0,300559
2,3,4,1,4,1,350713
3,2,2,1,1,0,437361
5,2,5,0,3,0,615184
1,3,1,1,1,1,265261
3,4,2,1,2,1,520372
3,3,2,0,4,0,482140
4,2,1,1,1,0,533024
2,3,2,0,2,0,397342
3,2,1,1,4,0,432544
3,2,1,1,2,0,400037
5,3,3,0,1,0,693032
5,1,4,0,2,0,562697
1,3,2,1,3,1,291420
4,1,2,1,4,0,498698
1,2,3,0,2,0,231707
5,2,3,1,1,0,626016
2,1,3,1,4,0,284600
5,2,5,1,3,1,648285
4,1,5,1,4,1,473984
5,1,5,0,3,0,555167
4,2,1,0,4,0,500432
4,4,2,0,2,0,604151
4,1,4,0,2,0,497680
4,3,1,0,1,0,556411
4,3,2,0,3,0,580788
2,2,2,1,1,0,326623
1,4,3,0,2,0,322104
3,2,3,1,3,0,400256
1,4,1,1,1,1,333439
4,1,3,1,1,0,483257
2,1,2,0,1,0,289657
5,1,3,1,1,0,594674
2,1,5,0,1,0,268066
4,3,3,1,3,1,595371
2,3,2,1,1,1,382746
2,2,1,0,3,0,302460
4,4,4,1,1,1,637297
2,1,3,1,2,0,284743
3,1,2,1,2,0,353216
3,4,4,1,1,1,514267
2,4,4,0,4,1,409581
5,2,5,1,2,1,604515
4,4,4,1,3,1,622076
3,1,2,0,1,0,394816
5,1,2,1,3,0,559776
2,1,3,1,4,0,271947
5,1,3,1,1,0,552963
1,1,3,1,2,0,156786
3,2,4,0,3,0,413866
2,1,4,1,2,1,288968
4,2,5,0,2,0,532305
2,1,3,1,1,0,267360
4,3,1,1,3,1,590113
2,3,5,1,4,1,382813
5,3,1,0,2,0,651193
5,3,4,1,1,1,654512
5,2,5,1,1,1,622666
1,2,5,0,4,0,216630
4,4,2,0,1,0,608983
5,1,4,0,2,0,550636
1,3,4,0,1,1,253775
4,2,5,1,3,1,502421
2,1,4,1,3,1,263025
1,1,5,1,2,1,159280
3,2,2,1,3,0,436951
1,3,5,0,4,1,261351
1,4,4,1,1,1,349864
4,1,4,1,2,1,488091
2,4,5,1,4,1,445656
3,3,5,1,1,1,480171
5,3,5,0,4,1,653644
5,4,3,1,2,1,716142
1,3,4,1,2,1,257773
4,1,4,1,4,1,478466
4,4,3,0,1,0,610778
5,3,5,0,3,1,662501
3,4,2,1,3,1,547177
2,1,5,1,4,1,252108
3,3,5,1,2,1,479369
2,1,3,0,1,0,286382
5,3,4,1,1,1,675818
2,2,5,1,2,1,310251
4,3,4,1,3,1,573341
1,4,1,0,1,0,311678
1,3,4,1,4,1,264367
5,1,2,1,3,0,579672
4,1,2,0,4,0,454332
3,3,5,0,3,1,462002
4,4,4,1,2,1,620284
1,2,5,0,4,0,215700
1,4,3,1,4,1,313769
4,2,2,0,2,0,529318
4,1,5,0,4,0,474323
1,4,3,1,3,1,327610
3,2,5,1,1,1,406963
5,3,4,1,1,1,657838
5,1,4,0,2,0,595167
4,3,4,1,3,1,562243
5,1,4,1,4,1,577939
1,4,1,1,4,1,301845
1,4,3,1,1,1,346710
4,1,3,1,4,0,466766
4,1,4,0,1,0,486880
4,1,1,1,2,0,462780
3,4,4,1,4,1,548458
5,2,1,0,3,0,642856
4,3,4,1,4,1,551509
2,3,2,1,1,1,373957
2,4,2,1,2,1,445172
1,3,5,1,1,1,284346
5,1,4,1,4,1,567263
4,2,3,0,1,0,546874
2,3,5,0,1,1,376148
5,2,2,0,2,0,631533
1,1,4,1,3,1,192608
3,3,5,0,4,1,462931
5,4,4,1,2,1,701359
5,2,2,1,3,0,624532
3,1,5,1,1,1,370344
5,2,2,0,3,0,604242
1,3,1,0,1,0,270601
1,3,2,0,1,0,299232
3,4,4,1,2,1,519116
4,1,3,0,1,0,485477
2,1,2,1,2,0,280782
4,4,3,0,3,0,645559
5,4,1,0,3,0,749819
2,1,5,1,1,1,268880
3,2,5,1,2,1,403499
3,2,3,0,1,0,431587
2,4,5,0,2,1,444458
1,2,2,0,2,0,226020
2,1,3,1,2,0,258080
5,3,4,1,3,1,673207
1,3,2,0,2,0,283957
3,2,2,0,3,0,413908
2,4,2,1,2,1,430652
4,4,4,0,3,1,630344
4,4,1,1,4,1,625034
5,4,5,1,3,1,725788
4,4,3,1,3,1,612751
2,2,1,1,1,0,347482
2,3,3,1,2,1,383793
4,3,5,1,4,1,582839
2,2,4,0,1,0,338314
5,4,2,1,2,1,735453
1,2,2,1,4,0,209385
5,3,4,0,4,1,668232
5,1,1,1,4,0,593344
2,2,1,0,2,0,334790
1,4,3,1,4,1,315831
2,3,4,0,4,1,370125
3,3,1,0,1,0,495708
2,3,4,1,3,1,367682
2,3,5,1,2,1,386870
2,4,2,1,3,1,417288
1,1,2,1,1,0,185794
2,3,2,0,3,0,389477
1,2,4,0,4,0,224405
4,1,4,0,4,0,488737
3,3,3,1,2,1,452620
1,1,2,0,2,0,185414
4,2,3,1,2,0,537633
1,3,2,1,1,1,285057
1,2,3,0,2,0,240138
3,4,3,1,1,1,513854
5,3,5,0,4,1,659677
5,3,3,1,3,1,694111
1,3,4,0,4,1,274074
2,3,3,1,4,1,367824
4,4,2,0,4,0,600765
2,3,3,0,2,0,395439
2,1,1,1,2,0,281615
1,3,2,1,2,1,298926
1,4,1,0,3,0,336860
1,3,2,1,2,1,262975
1,1,4,1,1,1,159341
5,4,4,1,4,1,728141
1,4,4,0,3,1,312334
5,1,1,0,3,0,598845
5,1,5,1,3,1,565835
1,1,2,1,3,0,176548
3,1,4,0,3,0,385434
4,1,2,1,1,0,475039
2,4,1,0,4,0,432530
5,4,5,1,3,1,738736
4,3,1,1,4,1,590409
3,3,2,1,2,1,468565
2,2,5,0,3,0,309834
2,3,5,0,3,1,386656
5,3,1,0,4,0,650840
1,1,4,0,3,0,163873
3,1,2,1,3,0,381568
5,3,3,1,3,1,660846
3,2,3,0,1,0,405899
1,1,1,1,1,0,170502
1,3,2,1,3,1,250565
5,3,2,0,1,0,688773
1,4,1,1,2,1,341924
4,2,2,1,3,0,543242
2,4,4,0,2,1,409187
5,2,1,1,4,0,607226
3,1,4,1,2,1,392147
4,2,2,1,4,0,538658
5,3,1,0,3,0,695881
1,3,2,0,4,0,254311
1,2,1,1,4,0,244214
1,2,2,1,2,0,241616
1,2,4,1,2,1,225689
3,4,4,0,2,1,506083
4,2,2,0,3,0,512598
2,1,1,0,3,0,266940
3,4,3,1,2,1,526880
3,4,4,1,3,1,502580
2,2,4,1,3,1,346612
2,1,3,1,4,0,292321
1,4,2,1,4,1,309386
3,3,1,0,2,0,469522
5,4,2,1,3,1,726224
2,2,5,1,4,1,314635
2,1,4,1,1,1,250671
4,2,5,0,3,0,533545
5,3,4,1,1,1,676855
5,3,4,0,2,1,685790
2,3,5,0,3,1,396585
1,2,5,0,2,0,214260
4,4,2,0,2,0,601074
5,2,5,0,2,0,642676
2,1,2,1,2,0,259475
5,4,2,1,2,1,712878
4,3,2,0,3,0,565120
4,2,4,0,1,0,523147
3,3,4,0,3,1,451986
2,3,5,1,3,1,393593
4,1,4,1,3,1,482430
3,4,5,0,4,1,541961
3,1,4,1,4,1,367430
5,1,1,1,3,0,552176
5,1,1,0,1,0,568722
3,3,5,0,3,1,492815
5,1,4,1,2,1,599652
4,1,4,1,4,1,468617
1,4,2,1,4,1,327115
4,4,3,0,3,0,637376
3,1,5,0,3,0,361906
3,4,3,0,1,0,540002
4,4,3,1,1,1,606610
5,1,5,1,2,1,593292
5,3,4,0,3,1,699752
3,1,5,1,3,1,363411
2,4,3,0,3,0,409180
5,3,4,1,4,1,697993
4,2,1,0,2,0,510073
5,3,5,1,1,1,687251
4,4,5,1,4,1,630960
3,3,4,0,4,1,455901
5,1,1,0,4,0,588897
4,2,1,0,4,0,543183
3,2,4,0,2,0,404482
2,2,2,0,3,0,342454
4,4,5,1,1,1,625428
2,4,5,0,1,1,407400
2,2,3,0,4,0,339574
1,3,4,0,4,1,293284
5,2,3,0,2,0,607396
4,3,3,0,4,0,557338
2,3,1,1,1,1,392718
1,4,5,0,1,1,312500
3,3,3,0,3,0,461545
4,2,1,0,3,0,505241
2,4,4,1,1,1,423778
5,1,3,1,1,0,572821
1,1,5,0,2,0,154695
2,4,3,0,2,0,411530
5,2,4,1,1,1,647080
2,1,3,1,4,0,264318
4,1,5,1,3,1,472331
4,3,1,0,1,0,576355
4,3,5,0,4,1,561324
1,2,1,1,1,0,228149
4,4,2,0,3,0,603218
5,2,5,1,3,1,620141
2,4,5,1,2,1,436784
3,1,4,1,2,1,352837
5,3,3,0,2,0,699080
5,2,1,1,2,0,639802
4,2,1,1,3,0,540077
1,4,4,0,4,1,314379
2,4,4,1,4,1,404239
1,2,3,0,4,0,244896
2,4,3,1,1,1,420812
2,2,5,0,2,0,329669
1,2,2,1,2,0,248624
5,2,3,1,3,0,609611
2,1,4,1,3,1,254150
1,4,3,1,1,1,311109
2,3,1,1,1,1,384214
3,3,2,0,4,0,476016
5,4,5,0,3,1,711936
4,2,1,1,2,0,511036
2,3,1,1,4,1,389236
3,3,2,1,2,1,464021
4,4,5,0,4,1,636943
4,3,4,0,2,1,598158
2,2,5,1,1,1,337848
1,4,3,0,4,0,315471
2,2,1,1,2,0,347661
3,3,3,1,2,1,473244
4,3,4,1,3,1,598777
2,2,3,0,4,0,338985
1,1,5,1,2,1,188440
2,3,3,1,3,1,351502
5,1,4,1,2,1,584178
1,3,4,0,4,1,253770
3,1,4,0,1,0,392865
4,1,5,0,4,0,454001
2,1,4,1,4,1,270946
1,2,1,0,2,0,200598
5,1,4,1,2,1,580316
1,1,3,0,4,0,175567
5,1,3,1,3,0,576508
3,3,3,0,3,0,493744
